column_name,definition,data_type,unit_or_values,category,feature_role,use_as_model_feature,notes
year,Season year extracted from the local pitch date.,integer,YYYY,season/context,context_only,"Yes, for season normalization or splits only",Derived from Trackman Date. Useful for train/test splits and season-level calibration.
PitchUID,Unique pitch identifier for the pitch event.,string,GUID / unique ID,identifier,id_only,No,Use only to return predictions and join results back internally. Do not use as a model input.
game_anon_id,Anonymous game identifier created by Diablos for the hackathon dataset.,string,game_######,anonymized identifier,grouping_only,No,"Use for grouping, validation splits, or aggregation only. Do not use as a direct model feature."
pitcher_anon_id,Anonymous pitcher identifier created by Diablos for the hackathon dataset.,string,pitcher_#####,anonymized identifier,grouping_only,No,Use for aggregation and returning pitcher-level results only. Avoid using as a direct feature to prevent player memorization.
batter_anon_id,Anonymous batter identifier created by Diablos for the hackathon dataset.,string,batter_#####,anonymized identifier,grouping_only,No,Use for aggregation or handedness checks only. Avoid as a direct Stuff+ feature.
catcher_anon_id,Anonymous catcher identifier created by Diablos for the hackathon dataset.,string,catcher_#####,anonymized identifier,grouping_only,No,Use for grouping or diagnostics only. Avoid as a direct Stuff+ feature.
PitcherThrows,Throwing hand of the pitcher for the pitch.,categorical,"Right, Left",pitcher context,stuff_feature,Yes,Useful because pitch movement and approach are handedness-dependent.
BatterSide,Hitting side of the batter for the pitch.,categorical,"Right, Left",batter context,stuff_feature,Yes,Useful for platoon/context modeling.
altitude_category,Ballpark altitude bucket/category assigned in the Diablos dataset.,categorical,Dataset-specific altitude buckets,park/environment context,context_only,Yes,
AutoPitchType,Pitch type automatically classified by Trackman/Data Platform.,categorical,"Four-Seam, Sinker, Cutter, Changeup, Splitter, Slider, Curveball, Other",pitch classification,stuff_feature,Yes,
RelSpeed,Speed of the pitch at release.,numeric,mph,velocity,stuff_feature,Yes,
EffectiveVelo,"Effective velocity of the pitch, reported in the same speed units as release velocity.",numeric,mph,velocity,stuff_feature,Yes,
ZoneSpeed,Speed of the pitch as it crosses the front of home plate.,numeric,mph,velocity,stuff_feature,Yes,
SpinRate,Spin rate of the pitch.,numeric,rpm,spin,stuff_feature,Yes,
SpinAxis,Spin direction of the pitch reported as an angle.,numeric,degrees,spin,stuff_feature,Yes,
Tilt,Clock-face representation of the pitch spin axis.,categorical/string,HH:MM,spin,stuff_feature,Optional,Can be redundant with SpinAxis. Consider encoding carefully if used.
RelHeight,Vertical release height of the ball above home plate at release.,numeric,feet,release point,stuff_feature,Yes,
RelSide,Horizontal release-side position relative to the y-axis at release.,numeric,feet,release point,stuff_feature,Yes,
Extension,Release extension toward home plate relative to the pitching rubber.,numeric,feet,release point,stuff_feature,Yes,
VertBreak,Vertical break relative to a straight-line path from release without gravity effects.,numeric,inches,movement,stuff_feature,Yes,
InducedVertBreak,Vertical movement relative to a gravity-adjusted straight-line path from release.,numeric,inches,movement,stuff_feature,Yes,
HorzBreak,Horizontal movement relative to a straight-line path from release.,numeric,inches,movement,stuff_feature,Yes,
VertRelAngle,Vertical angle of the pitch trajectory at release.,numeric,degrees,release angle,stuff_feature,Yes,
HorzRelAngle,Horizontal angle of the pitch trajectory at release.,numeric,degrees,release angle,stuff_feature,Yes,
VertApprAngle,Vertical approach angle as the pitch crosses the front of home plate.,numeric,degrees,approach angle,stuff_feature,Yes,
HorzApprAngle,Horizontal approach angle as the pitch crosses the front of home plate.,numeric,degrees,approach angle,stuff_feature,Yes,
SpeedDrop,Difference between release speed and plate-crossing speed.,numeric,mph,velocity,stuff_feature,Yes,
ZoneTime,Elapsed time from release to crossing the front of home plate.,numeric,seconds,timing,stuff_feature,Yes,
x0,Initial x-axis position of the pitch from the center of the rubber.,numeric,feet,trajectory,stuff_feature,Optional,
y0,Initial y-axis position of the pitch from the tip of home plate.,numeric,feet,trajectory,stuff_feature,Optional,
z0,Initial z-axis position of the pitch from the tip of home plate.,numeric,feet,trajectory,stuff_feature,Optional,
vx0,Initial velocity of the pitch in the x-direction.,numeric,ft/s,trajectory,stuff_feature,Optional,
vy0,Initial velocity of the pitch in the y-direction.,numeric,ft/s,trajectory,stuff_feature,Optional,
vz0,Initial velocity of the pitch in the z-direction.,numeric,ft/s,trajectory,stuff_feature,Optional,
ax0,Initial acceleration of the pitch in the x-direction.,numeric,ft/s^2,trajectory,stuff_feature,Optional,
ay0,Initial acceleration of the pitch in the y-direction.,numeric,ft/s^2,trajectory,stuff_feature,Optional,
az0,Initial acceleration of the pitch in the z-direction.,numeric,ft/s^2,trajectory,stuff_feature,Optional,
pfxx,Horizontal movement over the last 40 feet compared with a spin-neutral pitch at the same speed.,numeric,inches,movement,stuff_feature,Optional,
pfxz,Vertical movement over the last 40 feet compared with a spin-neutral pitch at the same speed.,numeric,inches,movement,stuff_feature,Optional,
PitchTrajectoryXc0,0th-order coefficient for the pitch trajectory polynomial describing the x-coordinate.,numeric,feet,trajectory polynomial,stuff_feature,Optional,
PitchTrajectoryXc1,1st-order coefficient for the pitch trajectory polynomial describing the x-coordinate.,numeric,ft/s,trajectory polynomial,stuff_feature,Optional,
PitchTrajectoryXc2,2nd-order coefficient for the pitch trajectory polynomial describing the x-coordinate.,numeric,ft/s^2,trajectory polynomial,stuff_feature,Optional,
PitchTrajectoryYc0,0th-order coefficient for the pitch trajectory polynomial describing the y-coordinate.,numeric,feet,trajectory polynomial,stuff_feature,Optional,
PitchTrajectoryYc1,1st-order coefficient for the pitch trajectory polynomial describing the y-coordinate.,numeric,ft/s,trajectory polynomial,stuff_feature,Optional,
PitchTrajectoryYc2,2nd-order coefficient for the pitch trajectory polynomial describing the y-coordinate.,numeric,ft/s^2,trajectory polynomial,stuff_feature,Optional,
PitchTrajectoryZc0,0th-order coefficient for the pitch trajectory polynomial describing the z-coordinate.,numeric,feet,trajectory polynomial,stuff_feature,Optional,
PitchTrajectoryZc1,1st-order coefficient for the pitch trajectory polynomial describing the z-coordinate.,numeric,ft/s,trajectory polynomial,stuff_feature,Optional,
PitchTrajectoryZc2,2nd-order coefficient for the pitch trajectory polynomial describing the z-coordinate.,numeric,ft/s^2,trajectory polynomial,stuff_feature,Optional,
PitchCall,"Pitch-level result call such as called strike, swinging strike, ball, foul, hit by pitch, or ball in play.",categorical,"StrikeCalled, StrikeSwinging, BallCalled, BallinDirt, BallIntentional, HitByPitch, FoulBall, InPlay",pitch outcome,target_only,No,
KorBB,Plate-appearance terminal strikeout/walk flag if the pitch ended in a strikeout or walk; otherwise undefined.,categorical,"Strikeout, Walk, Undefined",plate appearance outcome,target_only,No,
play_result,Cleaned/normalized ball-in-play or plate-appearance result from the Diablos dataset.,categorical,Dataset-specific result labels,outcome,target_only,No,Use only to build targets or run value. Do not use as a Stuff+ input feature.
hit_type,Cleaned/normalized batted-ball type from the Diablos dataset.,categorical,"Ground ball, line drive, fly ball, popup, bunt, etc.",batted-ball outcome,target_only,No,
ExitSpeed,Speed of the batted ball off the bat.,numeric,mph,batted-ball outcome,target_only,No,
Angle,Vertical launch angle of the batted ball off the bat.,numeric,degrees,batted-ball outcome,target_only,No,
Direction,Horizontal launch direction of the batted ball off the bat.,numeric,degrees,batted-ball outcome,target_only,No,
Distance,Estimated carry distance of the batted ball.,numeric,feet,batted-ball outcome,target_only,No,
is_swing,Indicator that the batter swung at the pitch.,boolean/integer,0/1 or TRUE/FALSE,pitch outcome flag,target_only,No,
is_whiff,Indicator that the batter swung and missed.,boolean/integer,0/1 or TRUE/FALSE,pitch outcome flag,target_only,No,
is_contact,Indicator that the batter made contact with the pitch.,boolean/integer,0/1 or TRUE/FALSE,pitch outcome flag,target_only,No,
is_called_strike,Indicator that the pitch was called a strike.,boolean/integer,0/1 or TRUE/FALSE,pitch outcome flag,target_only,No,
is_swinging_strike,Indicator that the pitch resulted in a swinging strike.,boolean/integer,0/1 or TRUE/FALSE,pitch outcome flag,target_only,No,
is_ball_in_play,Indicator that the pitch was put into play.,boolean/integer,0/1 or TRUE/FALSE,pitch outcome flag,target_only,No,
is_batted,Indicator that the pitch resulted in a tracked batted-ball event.,boolean/integer,0/1 or TRUE/FALSE,batted-ball outcome flag,target_only,No,
is_hit,Indicator that the result was a hit.,boolean/integer,0/1 or TRUE/FALSE,offensive outcome flag,target_only,No,
single,Indicator that the result was a single.,boolean/integer,0/1 or TRUE/FALSE,offensive outcome flag,target_only,No,
double,Indicator that the result was a double.,boolean/integer,0/1 or TRUE/FALSE,offensive outcome flag,target_only,No,
triple,Indicator that the result was a triple.,boolean/integer,0/1 or TRUE/FALSE,offensive outcome flag,target_only,No,
home_run,Indicator that the result was a home run.,boolean/integer,0/1 or TRUE/FALSE,offensive outcome flag,target_only,No,
base_on_balls,Indicator that the plate appearance resulted in a walk.,boolean/integer,0/1 or TRUE/FALSE,plate appearance outcome flag,target_only,No,
strikeout,Indicator that the plate appearance resulted in a strikeout.,boolean/integer,0/1 or TRUE/FALSE,plate appearance outcome flag,target_only,No,
is_hit_by_pitch,Indicator that the batter was hit by the pitch.,boolean/integer,0/1 or TRUE/FALSE,plate appearance outcome flag,target_only,No,
RunsScored,Number of runs scored on the pitch and related play events before the next pitch.,integer,0 to 4,run outcome,target_only,No,
OutsOnPlay,Number of outs recorded on the pitch and related play events before the next pitch.,integer,0 to 3,outcome/context,target_only,No,
Inning,Inning in which the pitch was thrown.,integer,1 to N,game context,context_only,No,
Top/Bottom,Half-inning in which the pitch was thrown.,categorical,"Top, Bottom",game context,context_only,No,
Outs,Number of outs before the pitch.,integer,"0, 1, 2",count/game state,context_only,No,
Balls,Number of balls in the count before the pitch.,integer,"0, 1, 2, 3",count/game state,context_only,No,
Strikes,Number of strikes in the count before the pitch.,integer,"0, 1, 2",count/game state,context_only,No,
count,"Count state before the pitch, usually derived from Balls and Strikes.",string/categorical,"e.g., 0-0, 1-2, 3-2",count/game state,context_only,No,
PlateLocHeight,Vertical location of the pitch as it crosses the front of home plate.,numeric,feet,pitch location,location_plus_only,No for pure Stuff+,"Use for Location+ or Pitching+ models, not pure Stuff+."
PlateLocSide,Horizontal location of the pitch as it crosses the front of home plate.,numeric,feet,pitch location,location_plus_only,No for pure Stuff+,"Use for Location+ or Pitching+ models, not pure Stuff+."
in_strike_zone,Indicator that the pitch location was inside the strike zone definition used by the Diablos dataset.,boolean/integer,0/1 or TRUE/FALSE,pitch location flag,location_plus_only,No for pure Stuff+,
outside_strike_zone,Indicator that the pitch location was outside the strike zone definition used by the Diablos dataset.,boolean/integer,0/1 or TRUE/FALSE,pitch location flag,location_plus_only,No for pure Stuff+,
swung_outside_strike_zone,Indicator that the batter swung at a pitch outside the strike zone.,boolean/integer,0/1 or TRUE/FALSE,location/outcome flag,target_only,No,Useful for chase modeling; do not use as a Stuff+ input feature.